{"success":true,"data":{"memes":[{"id":"181913649","name":"Drake Hotline Bling","url":"https:\/\/i.imgflip.com\/30b1gx.jpg","width":1200,"height":1200,"box_count":2,"captions":1188500},{"id":"87743020","name":"Two Buttons","url":"https:\/\/i.imgflip.com\/1g8my4.jpg","width":600,"height":908,"box_count":3,"captions":955750},{"id":"112126428","name":"Distracted Boyfriend","url":"https:\/\/i.imgflip.com\/1ur9b0.jpg","width":1200,"height":800,"box_count":3,"captions":992500},{"id":"217743513","name":"UNO Draw 25 Cards","url":"https:\/\/i.imgflip.com\/3lmzyx.jpg","width":500,"height":494,"box_count":2,"captions":525750},{"id":"131087935","name":"Running Away Balloon","url":"https:\/\/i.imgflip.com\/261o3j.jpg","width":761,"height":1024,"box_count":5,"captions":506000},{"id":"124822590","name":"Left Exit 12 Off Ramp","url":"https:\/\/i.imgflip.com\/22bdq6.jpg","width":804,"height":767,"box_count":3,"captions":606500},{"id":"222403160","name":"Bernie I Am Once Again Asking For Your Support","url":"https:\/\/i.imgflip.com\/3oevdk.jpg","width":750,"height":750,"box_count":2,"captions":265500},{"id":"129242436","name":"Change My Mind","url":"https:\/\/i.imgflip.com\/24y43o.jpg","width":482,"height":361,"box_count":2,"captions":601750},{"id":"4087833","name":"Waiting Skeleton","url":"https:\/\/i.imgflip.com\/2fm6x.jpg","width":298,"height":403,"box_count":2,"captions":406000},{"id":"438680","name":"Batman Slapping Robin","url":"https:\/\/i.imgflip.com\/9ehk.jpg","width":400,"height":387,"box_count":2,"captions":596500},{"id":"135256802","name":"Epic Handshake","url":"https:\/\/i.imgflip.com\/28j0te.jpg","width":900,"height":645,"box_count":3,"captions":201000},{"id":"131940431","name":"Gru's Plan","url":"https:\/\/i.imgflip.com\/26jxvz.jpg","width":700,"height":449,"box_count":4,"captions":283250},{"id":"80707627","name":"Sad Pablo Escobar","url":"https:\/\/i.imgflip.com\/1c1uej.jpg","width":720,"height":709,"box_count":3,"captions":187000},{"id":"97984","name":"Disaster Girl","url":"https:\/\/i.imgflip.com\/23ls.jpg","width":500,"height":375,"box_count":2,"captions":323750},{"id":"252600902","name":"Always Has Been","url":"https:\/\/i.imgflip.com\/46e43q.png","width":960,"height":540,"box_count":2,"captions":170750},{"id":"247375501","name":"Buff Doge vs. Cheems","url":"https:\/\/i.imgflip.com\/43a45p.png","width":937,"height":720,"box_count":4,"captions":320000},{"id":"188390779","name":"Woman Yelling At Cat","url":"https:\/\/i.imgflip.com\/345v97.jpg","width":680,"height":438,"box_count":2,"captions":341250},{"id":"322841258","name":"Anakin Padme 4 Panel","url":"https:\/\/i.imgflip.com\/5c7lwq.png","width":768,"height":768,"box_count":3,"captions":96750},{"id":"91538330","name":"X, X Everywhere","url":"https:\/\/i.imgflip.com\/1ihzfe.jpg","width":2118,"height":1440,"box_count":2,"captions":342000},{"id":"161865971","name":"Marked Safe From","url":"https:\/\/i.imgflip.com\/2odckz.jpg","width":618,"height":499,"box_count":2,"captions":164750},{"id":"178591752","name":"Tuxedo Winnie The Pooh","url":"https:\/\/i.imgflip.com\/2ybua0.png","width":800,"height":582,"box_count":2,"captions":231000},{"id":"110163934","name":"I Bet He's Thinking About Other Women","url":"https:\/\/i.imgflip.com\/1tl71a.jpg","width":1654,"height":930,"box_count":2,"captions":132750},{"id":"309868304","name":"Trade Offer","url":"https:\/\/i.imgflip.com\/54hjww.jpg","width":607,"height":794,"box_count":3,"captions":90750},{"id":"102156234","name":"Mocking Spongebob","url":"https:\/\/i.imgflip.com\/1otk96.jpg","width":502,"height":353,"box_count":2,"captions":406500},{"id":"93895088","name":"Expanding Brain","url":"https:\/\/i.imgflip.com\/1jwhww.jpg","width":857,"height":1202,"box_count":4,"captions":426000},{"id":"79132341","name":"Bike Fall","url":"https:\/\/i.imgflip.com\/1b42wl.jpg","width":500,"height":680,"box_count":3,"captions":109750},{"id":"148909805","name":"Monkey Puppet","url":"https:\/\/i.imgflip.com\/2gnnjh.jpg","width":923,"height":768,"box_count":2,"captions":187250},{"id":"101470","name":"Ancient Aliens","url":"https:\/\/i.imgflip.com\/26am.jpg","width":500,"height":437,"box_count":2,"captions":350750},{"id":"61579","name":"One Does Not Simply","url":"https:\/\/i.imgflip.com\/1bij.jpg","width":568,"height":335,"box_count":2,"captions":442500},{"id":"180190441","name":"They're The Same Picture","url":"https:\/\/i.imgflip.com\/2za3u1.jpg","width":1363,"height":1524,"box_count":3,"captions":147000},{"id":"1035805","name":"Boardroom Meeting Suggestion","url":"https:\/\/i.imgflip.com\/m78d.jpg","width":500,"height":649,"box_count":4,"captions":374000},{"id":"61544","name":"Success Kid","url":"https:\/\/i.imgflip.com\/1bhk.jpg","width":500,"height":500,"box_count":2,"captions":129750},{"id":"27813981","name":"Hide the Pain Harold","url":"https:\/\/i.imgflip.com\/gk5el.jpg","width":480,"height":601,"box_count":2,"captions":209500},{"id":"124055727","name":"Y'all Got Any More Of That","url":"https:\/\/i.imgflip.com\/21uy0f.jpg","width":600,"height":471,"box_count":2,"captions":193000},{"id":"370867422","name":"Megamind peeking","url":"https:\/\/i.imgflip.com\/64sz4u.png","width":540,"height":540,"box_count":2,"captions":72250},{"id":"195515965","name":"Clown Applying Makeup","url":"https:\/\/i.imgflip.com\/38el31.jpg","width":750,"height":798,"box_count":4,"captions":102750},{"id":"3218037","name":"This Is Where I'd Put My Trophy If I Had One","url":"https:\/\/i.imgflip.com\/1wz1x.jpg","width":300,"height":418,"box_count":2,"captions":125750},{"id":"55311130","name":"This Is Fine","url":"https:\/\/i.imgflip.com\/wxica.jpg","width":580,"height":282,"box_count":2,"captions":119250},{"id":"316466202","name":"where monkey","url":"https:\/\/i.imgflip.com\/58eyvu.png","width":1113,"height":629,"box_count":2,"captions":51250},{"id":"509760957","name":"Travis Kelce screaming","url":"https:\/\/i.imgflip.com\/8fhy2l.png","width":532,"height":500,"box_count":2,"captions":10000},{"id":"119139145","name":"Blank Nut Button","url":"https:\/\/i.imgflip.com\/1yxkcp.jpg","width":600,"height":446,"box_count":2,"captions":293250},{"id":"224015000","name":"Bernie Sanders Once Again Asking","url":"https:\/\/i.imgflip.com\/3pdf2w.png","width":926,"height":688,"box_count":2,"captions":39750},{"id":"28251713","name":"Oprah You Get A","url":"https:\/\/i.imgflip.com\/gtj5t.jpg","width":620,"height":465,"box_count":2,"captions":185750},{"id":"100777631","name":"Is This A Pigeon","url":"https:\/\/i.imgflip.com\/1o00in.jpg","width":1587,"height":1425,"box_count":3,"captions":205000},{"id":"252758727","name":"Mother Ignoring Kid Drowning In A Pool","url":"https:\/\/i.imgflip.com\/46hhvr.jpg","width":782,"height":1032,"box_count":4,"captions":44500},{"id":"259237855","name":"Laughing Leo","url":"https:\/\/i.imgflip.com\/4acd7j.png","width":470,"height":470,"box_count":2,"captions":88250},{"id":"226297822","name":"Panik Kalm Panik","url":"https:\/\/i.imgflip.com\/3qqcim.png","width":640,"height":881,"box_count":3,"captions":196500},{"id":"89370399","name":"Roll Safe Think About It","url":"https:\/\/i.imgflip.com\/1h7in3.jpg","width":702,"height":395,"box_count":2,"captions":308500},{"id":"114585149","name":"Inhaling Seagull","url":"https:\/\/i.imgflip.com\/1w7ygt.jpg","width":1269,"height":2825,"box_count":4,"captions":225750},{"id":"247113703","name":"A train hitting a school bus","url":"https:\/\/i.imgflip.com\/434i5j.png","width":920,"height":1086,"box_count":2,"captions":50750},{"id":"166969924","name":"Flex Tape","url":"https:\/\/i.imgflip.com\/2reqtg.png","width":510,"height":572,"box_count":3,"captions":58250},{"id":"177682295","name":"You Guys are Getting Paid","url":"https:\/\/i.imgflip.com\/2xscjb.png","width":520,"height":358,"box_count":2,"captions":48000},{"id":"99683372","name":"Sleeping Shaq","url":"https:\/\/i.imgflip.com\/1nck6k.jpg","width":640,"height":631,"box_count":2,"captions":90250},{"id":"135678846","name":"Who Killed Hannibal","url":"https:\/\/i.imgflip.com\/28s2gu.jpg","width":1280,"height":1440,"box_count":3,"captions":124250},{"id":"284929871","name":"They don't know","url":"https:\/\/i.imgflip.com\/4pn1an.png","width":671,"height":673,"box_count":2,"captions":35500},{"id":"84341851","name":"Evil Kermit","url":"https:\/\/i.imgflip.com\/1e7ql7.jpg","width":700,"height":325,"box_count":2,"captions":137500},{"id":"21735","name":"The Rock Driving","url":"https:\/\/i.imgflip.com\/grr.jpg","width":568,"height":700,"box_count":2,"captions":206750},{"id":"134797956","name":"American Chopper Argument","url":"https:\/\/i.imgflip.com\/2896ro.jpg","width":640,"height":1800,"box_count":5,"captions":169750},{"id":"427308417","name":"0 days without (Lenny, Simpsons)","url":"https:\/\/i.imgflip.com\/72epa9.png","width":619,"height":403,"box_count":2,"captions":16750},{"id":"5496396","name":"Leonardo Dicaprio Cheers","url":"https:\/\/i.imgflip.com\/39t1o.jpg","width":600,"height":400,"box_count":2,"captions":221000},{"id":"101956210","name":"Whisper and Goosebumps","url":"https:\/\/i.imgflip.com\/1op9wy.jpg","width":600,"height":600,"box_count":2,"captions":41750},{"id":"155067746","name":"Surprised Pikachu","url":"https:\/\/i.imgflip.com\/2kbn1e.jpg","width":1893,"height":1893,"box_count":3,"captions":225500},{"id":"101288","name":"Third World Skeptical Kid","url":"https:\/\/i.imgflip.com\/265k.jpg","width":426,"height":426,"box_count":2,"captions":171500},{"id":"221578498","name":"Grant Gustin over grave","url":"https:\/\/i.imgflip.com\/3nx72a.png","width":500,"height":475,"box_count":2,"captions":43250},{"id":"61556","name":"Grandma Finds The Internet","url":"https:\/\/i.imgflip.com\/1bhw.jpg","width":640,"height":480,"box_count":2,"captions":150500},{"id":"123999232","name":"The Scroll Of Truth","url":"https:\/\/i.imgflip.com\/21tqf4.jpg","width":1280,"height":1236,"box_count":2,"captions":212000},{"id":"119215120","name":"Types of Headaches meme","url":"https:\/\/i.imgflip.com\/1yz6z4.jpg","width":483,"height":497,"box_count":2,"captions":51500},{"id":"77045868","name":"Pawn Stars Best I Can Do","url":"https:\/\/i.imgflip.com\/19vcz0.jpg","width":624,"height":352,"box_count":2,"captions":36500},{"id":"91998305","name":"Drake Blank","url":"https:\/\/i.imgflip.com\/1iruch.jpg","width":717,"height":717,"box_count":2,"captions":53750},{"id":"234202281","name":"AJ Styles & Undertaker","url":"https:\/\/i.imgflip.com\/3vfrmx.jpg","width":933,"height":525,"box_count":2,"captions":28500},{"id":"171305372","name":"Soldier protecting sleeping child","url":"https:\/\/i.imgflip.com\/2tzo2k.jpg","width":540,"height":440,"box_count":3,"captions":30000},{"id":"67452763","name":"Squidward window","url":"https:\/\/i.imgflip.com\/145qvv.jpg","width":598,"height":420,"box_count":2,"captions":40750},{"id":"224514655","name":"Anime Girl Hiding from Terminator","url":"https:\/\/i.imgflip.com\/3po4m7.jpg","width":581,"height":633,"box_count":2,"captions":40500},{"id":"216523697","name":"All My Homies Hate","url":"https:\/\/i.imgflip.com\/3kwur5.jpg","width":680,"height":615,"box_count":2,"captions":45250},{"id":"50421420","name":"Disappointed Black Guy","url":"https:\/\/i.imgflip.com\/u0pf0.jpg","width":1172,"height":756,"box_count":2,"captions":53750},{"id":"267889046","name":"bell curve","url":"https:\/\/i.imgflip.com\/4fhsie.png","width":675,"height":499,"box_count":4,"captions":18250},{"id":"61520","name":"Futurama Fry","url":"https:\/\/i.imgflip.com\/1bgw.jpg","width":552,"height":414,"box_count":2,"captions":293250},{"id":"371619279","name":"Megamind no bitches","url":"https:\/\/i.imgflip.com\/65939r.jpg","width":674,"height":734,"box_count":2,"captions":21500},{"id":"110133729","name":"spiderman pointing at spiderman","url":"https:\/\/i.imgflip.com\/1tkjq9.jpg","width":800,"height":450,"box_count":2,"captions":49250},{"id":"6235864","name":"Finding Neverland","url":"https:\/\/i.imgflip.com\/3pnmg.jpg","width":423,"height":600,"box_count":3,"captions":151750},{"id":"196652226","name":"Spongebob Ight Imma Head Out","url":"https:\/\/i.imgflip.com\/392xtu.jpg","width":822,"height":960,"box_count":2,"captions":117750},{"id":"342785297","name":"Gus Fring we are not the same","url":"https:\/\/i.imgflip.com\/5o32tt.png","width":700,"height":1000,"box_count":3,"captions":31000},{"id":"128455510","name":"Valentine's Day Card Meme","url":"https:\/\/i.imgflip.com\/24h8wm.jpg","width":640,"height":351,"box_count":2,"captions":7750},{"id":"29617627","name":"Look At Me","url":"https:\/\/i.imgflip.com\/hmt3v.jpg","width":300,"height":300,"box_count":2,"captions":55500},{"id":"177984372","name":"What Gives People Feelings of Power","url":"https:\/\/i.imgflip.com\/2xytmc.jpg","width":960,"height":851,"box_count":2,"captions":34750},{"id":"91545132","name":"Trump Bill Signing","url":"https:\/\/i.imgflip.com\/1ii4oc.jpg","width":1866,"height":1529,"box_count":2,"captions":139000},{"id":"175540452","name":"Unsettled Tom","url":"https:\/\/i.imgflip.com\/2wifvo.jpg","width":680,"height":550,"box_count":2,"captions":147750},{"id":"137501417","name":"Friendship ended","url":"https:\/\/i.imgflip.com\/29v4rt.jpg","width":800,"height":600,"box_count":2,"captions":27000},{"id":"61532","name":"The Most Interesting Man In The World","url":"https:\/\/i.imgflip.com\/1bh8.jpg","width":550,"height":690,"box_count":2,"captions":211000},{"id":"187102311","name":"Three-headed Dragon","url":"https:\/\/i.imgflip.com\/33e92f.jpg","width":680,"height":544,"box_count":4,"captions":31500},{"id":"162372564","name":"Domino Effect","url":"https:\/\/i.imgflip.com\/2oo7h0.jpg","width":820,"height":565,"box_count":2,"captions":26750},{"id":"142009471","name":"is this butterfly","url":"https:\/\/i.imgflip.com\/2cjr7j.jpg","width":1587,"height":1425,"box_count":3,"captions":24500},{"id":"72525473","name":"say the line bart! simpsons","url":"https:\/\/i.imgflip.com\/176h0h.jpg","width":395,"height":650,"box_count":3,"captions":22750},{"id":"145139900","name":"Scooby doo mask reveal","url":"https:\/\/i.imgflip.com\/2eeunw.jpg","width":720,"height":960,"box_count":4,"captions":21500},{"id":"249257686","name":"Bugs bunny communist","url":"https:\/\/i.imgflip.com\/44eggm.png","width":460,"height":284,"box_count":2,"captions":39500},{"id":"92084495","name":"Charlie Conspiracy (Always Sunny in Philidelphia)","url":"https:\/\/i.imgflip.com\/1itoun.jpg","width":1024,"height":768,"box_count":2,"captions":26500},{"id":"360597639","name":"whe i'm in a competition and my opponent is","url":"https:\/\/i.imgflip.com\/5youx3.jpg","width":916,"height":900,"box_count":2,"captions":14500},{"id":"129315248","name":"No - Yes","url":"https:\/\/i.imgflip.com\/24zoa8.jpg","width":429,"height":343,"box_count":2,"captions":22250},{"id":"206151308","name":"Spider Man Triple","url":"https:\/\/i.imgflip.com\/3eqjd8.jpg","width":600,"height":551,"box_count":3,"captions":22000},{"id":"478588645","name":"Borat 2 Tonight Queen??","url":"https:\/\/i.imgflip.com\/7wxtd1.png","width":845,"height":674,"box_count":3,"captions":7500}]}}